file,model,task,arm,metric,score
exp1_benchmarks/qwen2.5vl-7b_textvqa_val_baseline.json,qwen2.5vl-7b,textvqa_val,baseline,exact_match,0.8624
exp1_benchmarks/qwen2.5vl-7b_docvqa_val_baseline.json,qwen2.5vl-7b,docvqa_val,baseline,anls,0.9473
exp1_benchmarks/qwen2.5vl-7b_chartqa_baseline.json,qwen2.5vl-7b,chartqa,baseline,relaxed_overall,0.768
exp1_benchmarks/qwen2.5vl-7b_ai2d_baseline.json,qwen2.5vl-7b,ai2d,baseline,exact_match,0.864
exp1_benchmarks/qwen2.5vl-7b_textvqa_val_btp.json,qwen2.5vl-7b,textvqa_val,btp,exact_match,0.2334
exp1_benchmarks/qwen2.5vl-7b_docvqa_val_btp.json,qwen2.5vl-7b,docvqa_val,btp,anls,0.1921
exp1_benchmarks/qwen2.5vl-7b_chartqa_btp.json,qwen2.5vl-7b,chartqa,btp,relaxed_overall,0.29
exp1_benchmarks/qwen2.5vl-7b_ai2d_btp.json,qwen2.5vl-7b,ai2d,btp,exact_match,0.796
exp2_retention_sweep/qwen2.5vl-7b_textvqa_val_retain100.json,qwen2.5vl-7b,textvqa_val,retain100,exact_match,0.8624
exp2_retention_sweep/qwen2.5vl-7b_docvqa_val_retain100.json,qwen2.5vl-7b,docvqa_val,retain100,anls,0.9473
exp2_retention_sweep/qwen2.5vl-7b_textvqa_val_retain050.json,qwen2.5vl-7b,textvqa_val,retain050,exact_match,0.241
exp2_retention_sweep/qwen2.5vl-7b_docvqa_val_retain050.json,qwen2.5vl-7b,docvqa_val,retain050,anls,0.1948
exp2_retention_sweep/qwen2.5vl-7b_textvqa_val_retain040.json,qwen2.5vl-7b,textvqa_val,retain040,exact_match,0.237
exp2_retention_sweep/qwen2.5vl-7b_docvqa_val_retain040.json,qwen2.5vl-7b,docvqa_val,retain040,anls,0.1997
exp2_retention_sweep/qwen2.5vl-7b_textvqa_val_retain030.json,qwen2.5vl-7b,textvqa_val,retain030,exact_match,0.245
exp2_retention_sweep/qwen2.5vl-7b_docvqa_val_retain030.json,qwen2.5vl-7b,docvqa_val,retain030,anls,0.1928
exp2_retention_sweep/qwen2.5vl-7b_textvqa_val_retain025.json,qwen2.5vl-7b,textvqa_val,retain025,exact_match,0.2332
exp2_retention_sweep/qwen2.5vl-7b_docvqa_val_retain025.json,qwen2.5vl-7b,docvqa_val,retain025,anls,0.1724
exp2_retention_sweep/qwen2.5vl-7b_textvqa_val_retain020.json,qwen2.5vl-7b,textvqa_val,retain020,exact_match,0.243
exp2_retention_sweep/qwen2.5vl-7b_docvqa_val_retain020.json,qwen2.5vl-7b,docvqa_val,retain020,anls,0.1862
exp2_retention_sweep/qwen2.5vl-7b_textvqa_val_retain012.5.json,qwen2.5vl-7b,textvqa_val,retain012.5,exact_match,0.2334
exp2_retention_sweep/qwen2.5vl-7b_docvqa_val_retain012.5.json,qwen2.5vl-7b,docvqa_val,retain012.5,anls,0.1788
exp2_retention_sweep/qwen2.5vl-7b_textvqa_val_retain090.json,qwen2.5vl-7b,textvqa_val,retain090,exact_match,0.2332
exp2_retention_sweep/qwen2.5vl-7b_docvqa_val_retain090.json,qwen2.5vl-7b,docvqa_val,retain090,anls,0.1992
exp2_retention_sweep/qwen2.5vl-7b_textvqa_val_retain075.json,qwen2.5vl-7b,textvqa_val,retain075,exact_match,0.231
